codice,livello,descrizione,sezione_cee,natura,d_a,saldo_dare,saldo_avere,note
010,Mastro,IMMOBILIZZAZIONI IMMATERIALI,B.I,Attivo Patrimoniale,,232000,125000,
010.005,Conto,Costi di impianto e di ampliamento,B.I.1,,,12000,12000,
010.005.0001,Sottoconto,Costi di costituzione,B.I.1,Attivo Patrimoniale,D,8000,0,Amm.to max 5 anni - art. 2426 c.c.
010.005.0002,Sottoconto,Costi di ampliamento,B.I.1,Attivo Patrimoniale,D,4000,0,
010.005.9001,Sottoconto,F.do amm.to costi di impianto e amplto,B.I.1,Rettifica (fondo),A,0,12000,Fondo rettificativo
010.010,Conto,Costi di sviluppo,B.I.2,,,0,0,
010.010.0001,Sottoconto,Costi di sviluppo capitalizzati,B.I.2,Attivo Patrimoniale,D,0,0,Solo se ricorrono condizioni OIC 24
010.010.9001,Sottoconto,F.do amm.to costi di sviluppo,B.I.2,Rettifica (fondo),A,0,0,
010.015,Conto,Diritti di brevetto industriale,B.I.3,,,30000,12000,
010.015.0001,Sottoconto,Brevetti industriali,B.I.3,Attivo Patrimoniale,D,0,0,
010.015.0002,Sottoconto,Software applicativo di proprieta',B.I.3,Attivo Patrimoniale,D,30000,0,
010.015.0003,Sottoconto,Diritti d'autore,B.I.3,Attivo Patrimoniale,D,0,0,
010.015.9001,Sottoconto,F.do amm.to brevetti,B.I.3,Rettifica (fondo),A,0,0,
010.015.9002,Sottoconto,F.do amm.to software,B.I.3,Rettifica (fondo),A,0,12000,
010.020,Conto,"Concessioni, licenze, marchi e simili",B.I.4,,,50000,25000,
010.020.0001,Sottoconto,Marchi,B.I.4,Attivo Patrimoniale,D,50000,0,
010.020.0002,Sottoconto,Licenze d'uso software (capitalizzate),B.I.4,Attivo Patrimoniale,D,0,0,
010.020.0003,Sottoconto,Concessioni,B.I.4,Attivo Patrimoniale,D,0,0,
010.020.9001,Sottoconto,F.do amm.to marchi,B.I.4,Rettifica (fondo),A,0,25000,
010.020.9002,Sottoconto,F.do amm.to licenze software,B.I.4,Rettifica (fondo),A,0,0,
010.020.9003,Sottoconto,F.do amm.to concessioni,B.I.4,Rettifica (fondo),A,0,0,
010.025,Conto,Avviamento,B.I.5,,,100000,60000,
010.025.0001,Sottoconto,Avviamento,B.I.5,Attivo Patrimoniale,D,100000,0,Solo se acquisito a titolo oneroso
010.025.9001,Sottoconto,F.do amm.to avviamento,B.I.5,Rettifica (fondo),A,0,60000,"Vita utile, max 10 anni in via residuale"
010.030,Conto,Immob. immateriali in corso e acconti,B.I.6,,,0,0,
010.030.0001,Sottoconto,Immobilizzazioni immateriali in corso,B.I.6,Attivo Patrimoniale,D,0,0,
010.030.0002,Sottoconto,Acconti su immob. immateriali,B.I.6,Attivo Patrimoniale,D,0,0,
010.035,Conto,Altre immobilizzazioni immateriali,B.I.7,,,40000,16000,
010.035.0001,Sottoconto,Migliorie su beni di terzi,B.I.7,Attivo Patrimoniale,D,40000,0,Lavori su immobile in locazione
010.035.0002,Sottoconto,Spese pluriennali diverse,B.I.7,Attivo Patrimoniale,D,0,0,
010.035.9001,Sottoconto,F.do amm.to migliorie su beni di terzi,B.I.7,Rettifica (fondo),A,0,16000,
010.035.9002,Sottoconto,F.do amm.to altre immob. immateriali,B.I.7,Rettifica (fondo),A,0,0,
020,Mastro,IMMOBILIZZAZIONI MATERIALI,B.II,Attivo Patrimoniale,,1825000,736500,
020.005,Conto,Terreni e fabbricati,B.II.1,,,800000,240000,
020.005.0001,Sottoconto,Terreni,B.II.1,Attivo Patrimoniale,D,200000,0,Non ammortizzabili - OIC 16
020.005.0002,Sottoconto,Fabbricati industriali,B.II.1,Attivo Patrimoniale,D,600000,0,
020.005.0003,Sottoconto,Fabbricati civili strumentali,B.II.1,Attivo Patrimoniale,D,0,0,
020.005.0004,Sottoconto,Costruzioni leggere,B.II.1,Attivo Patrimoniale,D,0,0,
020.005.9002,Sottoconto,F.do amm.to fabbricati industriali,B.II.1,Rettifica (fondo),A,0,240000,
020.005.9003,Sottoconto,F.do amm.to fabbricati civili,B.II.1,Rettifica (fondo),A,0,0,
020.005.9004,Sottoconto,F.do amm.to costruzioni leggere,B.II.1,Rettifica (fondo),A,0,0,
020.010,Conto,Impianti e macchinario,B.II.2,,,750000,335000,
020.010.0001,Sottoconto,Impianti generici,B.II.2,Attivo Patrimoniale,D,0,0,
020.010.0002,Sottoconto,Impianti specifici,B.II.2,Attivo Patrimoniale,D,350000,0,
020.010.0003,Sottoconto,Macchinari,B.II.2,Attivo Patrimoniale,D,400000,0,
020.010.0004,Sottoconto,Impianti di telecomunicazione,B.II.2,Attivo Patrimoniale,D,0,0,
020.010.0005,Sottoconto,Impianti fotovoltaici,B.II.2,Attivo Patrimoniale,D,0,0,
020.010.9001,Sottoconto,F.do amm.to impianti generici,B.II.2,Rettifica (fondo),A,0,0,
020.010.9002,Sottoconto,F.do amm.to impianti specifici,B.II.2,Rettifica (fondo),A,0,175000,
020.010.9003,Sottoconto,F.do amm.to macchinari,B.II.2,Rettifica (fondo),A,0,160000,
020.010.9004,Sottoconto,F.do amm.to impianti telecomunicazione,B.II.2,Rettifica (fondo),A,0,0,
020.010.9005,Sottoconto,F.do amm.to impianti fotovoltaici,B.II.2,Rettifica (fondo),A,0,0,
020.015,Conto,Attrezzature industriali e commerciali,B.II.3,,,80000,56000,
020.015.0001,Sottoconto,Attrezzature industriali,B.II.3,Attivo Patrimoniale,D,80000,0,
020.015.0002,Sottoconto,Attrezzature commerciali,B.II.3,Attivo Patrimoniale,D,0,0,
020.015.0003,Sottoconto,Attrezzatura varia minuta,B.II.3,Attivo Patrimoniale,D,0,0,
020.015.9001,Sottoconto,F.do amm.to attrezzature industriali,B.II.3,Rettifica (fondo),A,0,56000,
020.015.9002,Sottoconto,F.do amm.to attrezzature commerciali,B.II.3,Rettifica (fondo),A,0,0,
020.015.9003,Sottoconto,F.do amm.to attrezzatura varia minuta,B.II.3,Rettifica (fondo),A,0,0,
020.020,Conto,Altri beni,B.II.4,,,195000,105500,
020.020.0001,Sottoconto,Mobili e arredi ufficio,B.II.4,Attivo Patrimoniale,D,30000,0,
020.020.0002,Sottoconto,Macchine ufficio elettroniche,B.II.4,Attivo Patrimoniale,D,0,0,
020.020.0003,Sottoconto,"Hardware (PC, server, stampanti)",B.II.4,Attivo Patrimoniale,D,25000,0,
020.020.0004,Sottoconto,Autovetture,B.II.4,Attivo Patrimoniale,D,60000,0,Limiti deduc. art. 164 TUIR
020.020.0005,Sottoconto,Autocarri e veicoli commerciali,B.II.4,Attivo Patrimoniale,D,80000,0,
020.020.0006,Sottoconto,Telefoni cellulari aziendali,B.II.4,Attivo Patrimoniale,D,0,0,Deduc. 80% - art. 102 TUIR
020.020.0007,Sottoconto,"Beni inferiori a 516,46 euro",B.II.4,Attivo Patrimoniale,D,0,0,Deduc. integrale possibile
020.020.9001,Sottoconto,F.do amm.to mobili e arredi,B.II.4,Rettifica (fondo),A,0,18000,
020.020.9002,Sottoconto,F.do amm.to macchine ufficio,B.II.4,Rettifica (fondo),A,0,0,
020.020.9003,Sottoconto,F.do amm.to hardware,B.II.4,Rettifica (fondo),A,0,17500,
020.020.9004,Sottoconto,F.do amm.to autovetture,B.II.4,Rettifica (fondo),A,0,30000,
020.020.9005,Sottoconto,F.do amm.to autocarri,B.II.4,Rettifica (fondo),A,0,40000,
020.020.9006,Sottoconto,F.do amm.to telefoni cellulari,B.II.4,Rettifica (fondo),A,0,0,
020.025,Conto,Immob. materiali in corso e acconti,B.II.5,,,0,0,
020.025.0001,Sottoconto,Immobilizzazioni materiali in corso,B.II.5,Attivo Patrimoniale,D,0,0,
020.025.0002,Sottoconto,Acconti su immob. materiali,B.II.5,Attivo Patrimoniale,D,0,0,
030,Mastro,IMMOBILIZZAZIONI FINANZIARIE,B.III,Attivo Patrimoniale,,25000,0,
030.005,Conto,Partecipazioni,B.III.1,,,25000,0,
030.005.0001,Sottoconto,Partecipazioni in imprese controllate,B.III.1.a,Attivo Patrimoniale,D,0,0,
030.005.0002,Sottoconto,Partecipazioni in imprese collegate,B.III.1.b,Attivo Patrimoniale,D,0,0,
030.005.0003,Sottoconto,Partecipazioni in imprese controllanti,B.III.1.c,Attivo Patrimoniale,D,0,0,
030.005.0004,Sottoconto,Part. in imprese sotto controllo controllanti,B.III.1.d-bis,Attivo Patrimoniale,D,0,0,Introdotto da D.Lgs. 139/2015
030.005.0005,Sottoconto,Partecipazioni in altre imprese,B.III.1.d,Attivo Patrimoniale,D,25000,0,
030.010,Conto,Crediti finanziari immobilizzati,B.III.2,,,0,0,Esigibili oltre l'esercizio
030.010.0001,Sottoconto,Crediti v/imprese controllate,B.III.2.a,Attivo Patrimoniale,D,0,0,
030.010.0002,Sottoconto,Crediti v/imprese collegate,B.III.2.b,Attivo Patrimoniale,D,0,0,
030.010.0003,Sottoconto,Crediti v/imprese controllanti,B.III.2.c,Attivo Patrimoniale,D,0,0,
030.010.0004,Sottoconto,Crediti v/imprese sotto controllo controllanti,B.III.2.d-bis,Attivo Patrimoniale,D,0,0,
030.010.0005,Sottoconto,Crediti v/altri,B.III.2.d,Attivo Patrimoniale,D,0,0,
030.015,Conto,Altri titoli,B.III.3,,,0,0,
030.015.0001,Sottoconto,Altri titoli immobilizzati,B.III.3,Attivo Patrimoniale,D,0,0,
030.020,Conto,Strumenti finanziari derivati attivi,B.III.4,,,0,0,Introdotto da D.Lgs. 139/2015
030.020.0001,Sottoconto,Strumenti fin. derivati attivi immob.,B.III.4,Attivo Patrimoniale,D,0,0,
040,Mastro,RIMANENZE,C.I,Attivo Patrimoniale,,390000,0,
040.005,Conto,"Materie prime, sussidiarie e di consumo",C.I.1,,,180000,0,
040.005.0001,Sottoconto,Rimanenze materie prime,C.I.1,Attivo Patrimoniale,D,180000,0,
040.005.0002,Sottoconto,Rimanenze materie sussidiarie,C.I.1,Attivo Patrimoniale,D,0,0,
040.005.0003,Sottoconto,Rimanenze materiali di consumo,C.I.1,Attivo Patrimoniale,D,0,0,
040.010,Conto,Prodotti in corso di lav. e semilavorati,C.I.2,,,50000,0,
040.010.0001,Sottoconto,Rimanenze prodotti in corso di lavoraz.,C.I.2,Attivo Patrimoniale,D,0,0,
040.010.0002,Sottoconto,Rimanenze semilavorati,C.I.2,Attivo Patrimoniale,D,50000,0,
040.015,Conto,Lavori in corso su ordinazione,C.I.3,,,0,0,Valutazione ex OIC 23
040.015.0001,Sottoconto,Lavori in corso su ordinazione,C.I.3,Attivo Patrimoniale,D,0,0,
040.020,Conto,Prodotti finiti e merci,C.I.4,,,160000,0,
040.020.0001,Sottoconto,Rimanenze prodotti finiti,C.I.4,Attivo Patrimoniale,D,120000,0,
040.020.0002,Sottoconto,Rimanenze merci,C.I.4,Attivo Patrimoniale,D,40000,0,
040.025,Conto,Acconti a fornitori per merci,C.I.5,,,0,0,
040.025.0001,Sottoconto,Acconti a fornitori per merci/prodotti,C.I.5,Attivo Patrimoniale,D,0,0,
050,Mastro,CREDITI DELL'ATTIVO CIRCOLANTE,C.II,Attivo Patrimoniale,,1157000,60000,
050.005,Conto,Crediti verso clienti,C.II.1,,,1105000,60000,
050.005.0001,Sottoconto,Clienti Italia,C.II.1,Attivo Patrimoniale,D,850000,0,Sottoconto riepilogativo per anagrafica clienti
050.005.0002,Sottoconto,Clienti UE,C.II.1,Attivo Patrimoniale,D,120000,0,
050.005.0003,Sottoconto,Clienti Extra UE,C.II.1,Attivo Patrimoniale,D,60000,0,
050.005.0004,Sottoconto,Effetti attivi in portafoglio,C.II.1,Attivo Patrimoniale,D,0,0,
050.005.0005,Sottoconto,Effetti all'incasso s.b.f.,C.II.1,Attivo Patrimoniale,D,0,0,
050.005.0006,Sottoconto,Fatture da emettere a clienti,C.II.1,Attivo Patrimoniale,D,75000,0,
050.005.0007,Sottoconto,Note di credito da emettere,C.II.1,Attivo Patrimoniale,A,0,15000,Saldo Avere
050.005.0008,Sottoconto,Crediti commerciali v/clienti diversi,C.II.1,Attivo Patrimoniale,D,0,0,
050.005.9001,Sottoconto,F.do svalutazione crediti commerciali,C.II.1,Rettifica (fondo),A,0,45000,OIC 15 - tassato/non tassato gestito in dichiarazione
050.010,Conto,Crediti verso imprese controllate,C.II.2,,,0,0,Esigibili entro l'esercizio
050.010.0001,Sottoconto,Crediti commerciali v/controllate,C.II.2,Attivo Patrimoniale,D,0,0,
050.010.0002,Sottoconto,Crediti finanziari v/controllate,C.II.2,Attivo Patrimoniale,D,0,0,
050.015,Conto,Crediti verso imprese collegate,C.II.3,,,0,0,
050.015.0001,Sottoconto,Crediti v/collegate,C.II.3,Attivo Patrimoniale,D,0,0,
050.020,Conto,Crediti verso imprese controllanti,C.II.4,,,0,0,
050.020.0001,Sottoconto,Crediti v/controllanti,C.II.4,Attivo Patrimoniale,D,0,0,
050.025,Conto,Crediti v/imprese sotto controllo controllanti,C.II.5,,,0,0,Introdotto da D.Lgs. 139/2015
050.025.0001,Sottoconto,Crediti v/imprese sotto controllo controllanti,C.II.5,Attivo Patrimoniale,D,0,0,
050.030,Conto,Crediti tributari,C.II.5-bis,,,23500,0,
050.030.0001,Sottoconto,Erario c/IVA a credito,C.II.5-bis,Attivo Patrimoniale,D,12000,0,
050.030.0002,Sottoconto,Erario c/acconti IRES,C.II.5-bis,Attivo Patrimoniale,D,0,0,
050.030.0003,Sottoconto,Erario c/acconti IRAP,C.II.5-bis,Attivo Patrimoniale,D,0,0,
050.030.0004,Sottoconto,Crediti per ritenute subite,C.II.5-bis,Attivo Patrimoniale,D,3500,0,
050.030.0005,Sottoconto,Crediti d'imposta agevolativi,C.II.5-bis,Attivo Patrimoniale,D,8000,0,"Es. credito ricerca, beni 4.0"
050.030.0006,Sottoconto,IVA chiesta a rimborso,C.II.5-bis,Attivo Patrimoniale,D,0,0,
050.035,Conto,Imposte anticipate,C.II.5-ter,,,18000,0,
050.035.0001,Sottoconto,Crediti per imposte anticipate,C.II.5-ter,Attivo Patrimoniale,D,18000,0,OIC 25
050.040,Conto,Crediti verso altri,C.II.5-quater,,,10500,0,
050.040.0001,Sottoconto,Crediti v/dipendenti per anticipi,C.II.5-quater,Attivo Patrimoniale,D,0,0,
050.040.0002,Sottoconto,Crediti v/INPS,C.II.5-quater,Attivo Patrimoniale,D,2500,0,
050.040.0003,Sottoconto,Crediti v/INAIL,C.II.5-quater,Attivo Patrimoniale,D,0,0,
050.040.0004,Sottoconto,Anticipi a fornitori per servizi,C.II.5-quater,Attivo Patrimoniale,D,5000,0,
050.040.0005,Sottoconto,Depositi cauzionali attivi,C.II.5-quater,Attivo Patrimoniale,D,3000,0,
050.040.0006,Sottoconto,Crediti diversi,C.II.5-quater,Attivo Patrimoniale,D,0,0,
060,Mastro,ATTIVITA' FINANZIARIE NON IMMOBILIZZATE,C.III,Attivo Patrimoniale,,0,0,
060.005,Conto,Partecipazioni non immobilizzate,C.III.1-3,,,0,0,
060.005.0001,Sottoconto,Partecipazioni in controllate (non imm.),C.III.1,Attivo Patrimoniale,D,0,0,
060.005.0002,Sottoconto,Partecipazioni in collegate (non imm.),C.III.2,Attivo Patrimoniale,D,0,0,
060.005.0003,Sottoconto,Partecipazioni in controllanti (non imm.),C.III.3,Attivo Patrimoniale,D,0,0,
060.005.0004,Sottoconto,Part. in imprese sotto controllo controllanti,C.III.3-bis,Attivo Patrimoniale,D,0,0,
060.005.0005,Sottoconto,Altre partecipazioni,C.III.4,Attivo Patrimoniale,D,0,0,
060.010,Conto,Strumenti finanziari derivati attivi,C.III.5,,,0,0,
060.010.0001,Sottoconto,Strumenti fin. derivati attivi non imm.,C.III.5,Attivo Patrimoniale,D,0,0,
060.015,Conto,Altri titoli,C.III.6,,,0,0,
060.015.0001,Sottoconto,"BOT, BTP, CCT",C.III.6,Attivo Patrimoniale,D,0,0,
060.015.0002,Sottoconto,Altri titoli non immobilizzati,C.III.6,Attivo Patrimoniale,D,0,0,
070,Mastro,DISPONIBILITA' LIQUIDE,C.IV,Attivo Patrimoniale,,132300,0,
070.005,Conto,Depositi bancari e postali,C.IV.1,,,130000,0,
070.005.0001,Sottoconto,Banca c/c n. 1,C.IV.1,Attivo Patrimoniale,D,95000,0,
070.005.0002,Sottoconto,Banca c/c n. 2,C.IV.1,Attivo Patrimoniale,D,35000,0,
070.005.0003,Sottoconto,Banca c/c n. 3,C.IV.1,Attivo Patrimoniale,D,0,0,
070.005.0004,Sottoconto,Conto corrente postale,C.IV.1,Attivo Patrimoniale,D,0,0,
070.005.0005,Sottoconto,Carte prepagate aziendali,C.IV.1,Attivo Patrimoniale,D,0,0,
070.010,Conto,Assegni,C.IV.2,,,0,0,
070.010.0001,Sottoconto,Assegni in cassa,C.IV.2,Attivo Patrimoniale,D,0,0,
070.015,Conto,Denaro e valori in cassa,C.IV.3,,,2300,0,
070.015.0001,Sottoconto,Cassa contanti,C.IV.3,Attivo Patrimoniale,D,1500,0,Limite L. 197/2022: 5.000 euro
070.015.0002,Sottoconto,Valori bollati e francobolli,C.IV.3,Attivo Patrimoniale,D,0,0,
070.015.0003,Sottoconto,Buoni pasto in giacenza,C.IV.3,Attivo Patrimoniale,D,800,0,
080,Mastro,RATEI E RISCONTI ATTIVI,D,Attivo Patrimoniale,,8000,0,
080.005,Conto,Ratei attivi,D,,,0,0,
080.005.0001,Sottoconto,Ratei attivi,D,Attivo Patrimoniale,D,0,0,OIC 18
080.010,Conto,Risconti attivi,D,,,8000,0,
080.010.0001,Sottoconto,Risconti attivi,D,Attivo Patrimoniale,D,8000,0,
080.010.0002,Sottoconto,Disaggio su prestiti,D,Attivo Patrimoniale,D,0,0,Aboliti per nuovi prestiti dal 2016 - OIC 19
100,Mastro,PATRIMONIO NETTO,A,Patrimonio Netto,,0,499300,
100.005,Conto,Capitale sociale,A.I,,,0,100000,
100.005.0001,Sottoconto,Capitale sociale,A.I,Patrimonio Netto,A,0,100000,Min. 10.000 euro per Srl ordinaria; 1 euro per Srl semplificata
100.010,Conto,Riserva da sovrapprezzo,A.II,,,0,0,
100.010.0001,Sottoconto,Riserva sovrapprezzo quote,A.II,Patrimonio Netto,A,0,0,
100.015,Conto,Riserve di rivalutazione,A.III,,,0,0,
100.015.0001,Sottoconto,Riserve di rivalutazione (legge spec.),A.III,Patrimonio Netto,A,0,0,
100.020,Conto,Riserva legale,A.IV,,,0,20000,Art. 2430 c.c. - 5% utile fino a 1/5 capitale
100.020.0001,Sottoconto,Riserva legale,A.IV,Patrimonio Netto,A,0,20000,
100.025,Conto,Riserve statutarie,A.V,,,0,0,
100.025.0001,Sottoconto,Riserve statutarie,A.V,Patrimonio Netto,A,0,0,
100.030,Conto,Altre riserve,A.VI,,,0,234000,
100.030.0001,Sottoconto,Riserva straordinaria (facoltativa),A.VI,Patrimonio Netto,A,0,184000,
100.030.0002,Sottoconto,Versamenti soci in c/capitale,A.VI,Patrimonio Netto,A,0,50000,Non rimborsabili
100.030.0003,Sottoconto,Versamenti soci a copertura perdite,A.VI,Patrimonio Netto,A,0,0,
100.030.0004,Sottoconto,Riserva FTA (First Time Adoption),A.VI,Patrimonio Netto,A,0,0,
100.030.0005,Sottoconto,Altre riserve diverse,A.VI,Patrimonio Netto,A,0,0,
100.035,Conto,Riserva per operazioni di copertura,A.VII,,,0,0,Introdotta da D.Lgs. 139/2015
100.035.0001,Sottoconto,Riserva op. copertura flussi finanziari,A.VII,Patrimonio Netto,A,0,0,
100.040,Conto,Utili (perdite) portati a nuovo,A.VIII,,,0,145300,
100.040.0001,Sottoconto,Utili portati a nuovo,A.VIII,Patrimonio Netto,A,0,145300,
100.040.0002,Sottoconto,Perdite portate a nuovo,A.VIII,Patrimonio Netto,D,0,0,Saldo Dare
100.045,Conto,Utile (perdita) dell'esercizio,A.IX,,,0,0,
100.045.0001,Sottoconto,Utile dell'esercizio,A.IX,Patrimonio Netto,A,0,0,
100.045.0002,Sottoconto,Perdita dell'esercizio,A.IX,Patrimonio Netto,D,0,0,Saldo Dare
100.050,Conto,Riserva negativa azioni proprie,A.X,,,0,0,Introdotta da D.Lgs. 139/2015
100.050.0001,Sottoconto,Riserva negativa per azioni proprie,A.X,Patrimonio Netto,D,0,0,In Srl: quote proprie
110,Mastro,FONDI PER RISCHI E ONERI,B,Passivo Patrimoniale,,0,45000,
110.005,Conto,Fondi trattamento di quiescenza,B.1,,,0,0,
110.005.0001,Sottoconto,Fondo trattamento di quiescenza,B.1,Passivo Patrimoniale,A,0,0,
110.010,Conto,Fondi imposte differite,B.2,,,0,12000,
110.010.0001,Sottoconto,Fondo imposte differite,B.2,Passivo Patrimoniale,A,0,12000,OIC 25
110.015,Conto,Strumenti finanziari derivati passivi,B.3,,,0,0,
110.015.0001,Sottoconto,Strumenti fin. derivati passivi,B.3,Passivo Patrimoniale,A,0,0,
110.020,Conto,Altri fondi,B.4,,,0,33000,
110.020.0001,Sottoconto,Fondo rischi su crediti,B.4,Passivo Patrimoniale,A,0,8000,
110.020.0002,Sottoconto,Fondo manutenzioni programmate,B.4,Passivo Patrimoniale,A,0,0,
110.020.0003,Sottoconto,Fondo garanzia prodotti,B.4,Passivo Patrimoniale,A,0,0,
110.020.0004,Sottoconto,Fondo cause legali in corso,B.4,Passivo Patrimoniale,A,0,25000,
110.020.0005,Sottoconto,Altri fondi rischi e oneri,B.4,Passivo Patrimoniale,A,0,0,
120,Mastro,TRATTAMENTO DI FINE RAPPORTO,C,Passivo Patrimoniale,,0,145000,
120.005,Conto,TFR lavoro subordinato,C,,,0,145000,
120.005.0001,Sottoconto,Fondo TFR,C,Passivo Patrimoniale,A,0,145000,OIC 31
130,Mastro,DEBITI,D,Passivo Patrimoniale,,0,1761800,
130.005,Conto,Obbligazioni,D.1,,,0,0,
130.005.0001,Sottoconto,Prestiti obbligazionari,D.1,Passivo Patrimoniale,A,0,0,
130.005.0002,Sottoconto,Obbligazioni convertibili,D.2,Passivo Patrimoniale,A,0,0,
130.010,Conto,Debiti verso soci per finanziamenti,D.3,,,0,100000,
130.010.0001,Sottoconto,Finanziamento soci infruttifero,D.3,Passivo Patrimoniale,A,0,100000,Postergazione art. 2467 c.c.
130.010.0002,Sottoconto,Finanziamento soci fruttifero,D.3,Passivo Patrimoniale,A,0,0,
130.015,Conto,Debiti verso banche,D.4,,,0,545000,
130.015.0001,Sottoconto,Banca c/c passivo n. 1,D.4,Passivo Patrimoniale,A,0,35000,
130.015.0002,Sottoconto,Banca c/c passivo n. 2,D.4,Passivo Patrimoniale,A,0,0,
130.015.0003,Sottoconto,Mutui passivi (entro 12 mesi),D.4,Passivo Patrimoniale,A,0,80000,
130.015.0004,Sottoconto,Mutui passivi (oltre 12 mesi),D.4,Passivo Patrimoniale,A,0,380000,
130.015.0005,Sottoconto,Finanziamenti chirografari,D.4,Passivo Patrimoniale,A,0,0,
130.015.0006,Sottoconto,Anticipi s.b.f.,D.4,Passivo Patrimoniale,A,0,0,
130.015.0007,Sottoconto,Anticipi su fatture,D.4,Passivo Patrimoniale,A,0,50000,
130.020,Conto,Debiti verso altri finanziatori,D.5,,,0,60000,
130.020.0001,Sottoconto,Debiti v/altri finanziatori,D.5,Passivo Patrimoniale,A,0,0,
130.020.0002,Sottoconto,Debiti v/societa' di leasing,D.5,Passivo Patrimoniale,A,0,60000,
130.020.0003,Sottoconto,Debiti v/societa' di factoring,D.5,Passivo Patrimoniale,A,0,0,
130.025,Conto,Acconti,D.6,,,0,25000,
130.025.0001,Sottoconto,Clienti c/anticipi (acconti ricevuti),D.6,Passivo Patrimoniale,A,0,25000,
130.030,Conto,Debiti verso fornitori,D.7,,,0,775000,
130.030.0001,Sottoconto,Fornitori Italia,D.7,Passivo Patrimoniale,A,0,580000,
130.030.0002,Sottoconto,Fornitori UE,D.7,Passivo Patrimoniale,A,0,95000,
130.030.0003,Sottoconto,Fornitori Extra UE,D.7,Passivo Patrimoniale,A,0,35000,
130.030.0004,Sottoconto,Fatture da ricevere,D.7,Passivo Patrimoniale,A,0,65000,
130.030.0005,Sottoconto,Note di credito da ricevere,D.7,Passivo Patrimoniale,D,0,0,Saldo Dare
130.030.0006,Sottoconto,Effetti passivi,D.7,Passivo Patrimoniale,A,0,0,
130.035,Conto,Debiti rappresentati da titoli credito,D.8,,,0,0,
130.035.0001,Sottoconto,Debiti per cambiali emesse,D.8,Passivo Patrimoniale,A,0,0,
130.040,Conto,Debiti verso imprese controllate,D.9,,,0,0,
130.040.0001,Sottoconto,Debiti commerciali v/controllate,D.9,Passivo Patrimoniale,A,0,0,
130.040.0002,Sottoconto,Debiti finanziari v/controllate,D.9,Passivo Patrimoniale,A,0,0,
130.045,Conto,Debiti verso imprese collegate,D.10,,,0,0,
130.045.0001,Sottoconto,Debiti v/collegate,D.10,Passivo Patrimoniale,A,0,0,
130.050,Conto,Debiti verso imprese controllanti,D.11,,,0,0,
130.050.0001,Sottoconto,Debiti v/controllanti,D.11,Passivo Patrimoniale,A,0,0,
130.055,Conto,Debiti v/imprese sotto controllo controllanti,D.11-bis,,,0,0,Introdotto da D.Lgs. 139/2015
130.055.0001,Sottoconto,Debiti v/imprese sotto controllo controllanti,D.11-bis,Passivo Patrimoniale,A,0,0,
130.060,Conto,Debiti tributari,D.12,,,0,130500,
130.060.0001,Sottoconto,Erario c/IVA a debito,D.12,Passivo Patrimoniale,A,0,0,
130.060.0002,Sottoconto,Erario c/IRES,D.12,Passivo Patrimoniale,A,0,75000,
130.060.0003,Sottoconto,Erario c/IRAP,D.12,Passivo Patrimoniale,A,0,22000,
130.060.0004,Sottoconto,Erario c/ritenute lavoro dipendente,D.12,Passivo Patrimoniale,A,0,28000,
130.060.0005,Sottoconto,Erario c/ritenute lavoro autonomo,D.12,Passivo Patrimoniale,A,0,5500,
130.060.0006,Sottoconto,Erario c/imposta sostitutiva TFR,D.12,Passivo Patrimoniale,A,0,0,
130.060.0007,Sottoconto,Erario c/altre imposte,D.12,Passivo Patrimoniale,A,0,0,
130.065,Conto,Debiti v/istituti previdenziali,D.13,,,0,39300,
130.065.0001,Sottoconto,INPS dipendenti,D.13,Passivo Patrimoniale,A,0,35000,
130.065.0002,Sottoconto,INPS Gestione Separata,D.13,Passivo Patrimoniale,A,0,0,
130.065.0003,Sottoconto,INAIL,D.13,Passivo Patrimoniale,A,0,1800,
130.065.0004,Sottoconto,Fondi pensione integrativi,D.13,Passivo Patrimoniale,A,0,0,
130.065.0005,Sottoconto,Casse previdenziali professionisti,D.13,Passivo Patrimoniale,A,0,2500,
130.070,Conto,Altri debiti,D.14,,,0,87000,
130.070.0001,Sottoconto,Debiti v/dipendenti per retribuzioni,D.14,Passivo Patrimoniale,A,0,48000,
130.070.0002,Sottoconto,Debiti v/dipendenti per ferie maturate,D.14,Passivo Patrimoniale,A,0,22000,
130.070.0003,Sottoconto,Debiti v/amministratori per compensi,D.14,Passivo Patrimoniale,A,0,12000,
130.070.0004,Sottoconto,Debiti v/sindaci/revisore,D.14,Passivo Patrimoniale,A,0,0,
130.070.0005,Sottoconto,Cauzioni passive ricevute,D.14,Passivo Patrimoniale,A,0,0,
130.070.0006,Sottoconto,Debiti diversi,D.14,Passivo Patrimoniale,A,0,5000,
180,Mastro,RATEI E RISCONTI PASSIVI,E,Passivo Patrimoniale,,0,8000,
180.005,Conto,Ratei passivi,E,,,0,5000,
180.005.0001,Sottoconto,Ratei passivi,E,Passivo Patrimoniale,A,0,5000,
180.010,Conto,Risconti passivi,E,,,0,3000,
180.010.0001,Sottoconto,Risconti passivi,E,Passivo Patrimoniale,A,0,3000,
180.010.0002,Sottoconto,Aggio su prestiti,E,Passivo Patrimoniale,A,0,0,
300,Mastro,VALORE DELLA PRODUZIONE,A,Ricavo (CE),,25000,4053000,
300.005,Conto,Ricavi delle vendite e prestazioni,A.1,,,25000,3950000,
300.005.0001,Sottoconto,Ricavi vendita prodotti Italia,A.1,Ricavo (CE),A,0,2800000,
300.005.0002,Sottoconto,Ricavi vendita prodotti UE,A.1,Ricavo (CE),A,0,600000,
300.005.0003,Sottoconto,Ricavi vendita prodotti Extra UE,A.1,Ricavo (CE),A,0,200000,
300.005.0004,Sottoconto,Ricavi vendita merci,A.1,Ricavo (CE),A,0,0,
300.005.0005,Sottoconto,Ricavi prestazioni di servizi Italia,A.1,Ricavo (CE),A,0,350000,
300.005.0006,Sottoconto,Ricavi prestazioni di servizi estero,A.1,Ricavo (CE),A,0,0,
300.005.0007,Sottoconto,Resi e abbuoni su vendite,A.1,Ricavo (CE),D,0,0,In rettifica - Saldo Dare
300.005.0008,Sottoconto,Sconti e abbuoni commerciali passivi,A.1,Ricavo (CE),D,25000,0,
300.010,Conto,Variazioni rimanenze prod./semi/in corso,A.2,,,0,45000,Sezione bivalente
300.010.0001,Sottoconto,Variazione rim. prodotti in corso,A.2,Ricavo (CE),A,0,0,
300.010.0002,Sottoconto,Variazione rim. semilavorati,A.2,Ricavo (CE),A,0,15000,
300.010.0003,Sottoconto,Variazione rim. prodotti finiti,A.2,Ricavo (CE),A,0,30000,
300.015,Conto,Variazione lavori in corso su ordinaz.,A.3,,,0,0,
300.015.0001,Sottoconto,Variazione lavori in corso su ordinaz.,A.3,Ricavo (CE),A,0,0,
300.020,Conto,Incrementi immob. per lavori interni,A.4,,,0,0,
300.020.0001,Sottoconto,Costi capitalizzati immob. immateriali,A.4,Ricavo (CE),A,0,0,
300.020.0002,Sottoconto,Costi capitalizzati immob. materiali,A.4,Ricavo (CE),A,0,0,
300.025,Conto,Altri ricavi e proventi,A.5,,,0,58000,
300.025.0001,Sottoconto,Plusvalenze ordinarie alienazione cespiti,A.5,Ricavo (CE),A,0,12000,
300.025.0002,Sottoconto,Sopravvenienze attive ordinarie,A.5,Ricavo (CE),A,0,5000,
300.025.0003,Sottoconto,Contributi in conto esercizio,A.5.a,Ricavo (CE),A,0,8000,Voce specifica nel CE
300.025.0004,Sottoconto,Contributi in conto capitale (quota),A.5,Ricavo (CE),A,0,0,Tecnica risconto - OIC 16
300.025.0005,Sottoconto,Affitti attivi,A.5,Ricavo (CE),A,0,18000,
300.025.0006,Sottoconto,Rimborsi spese,A.5,Ricavo (CE),A,0,0,
300.025.0007,Sottoconto,Recuperi e rimborsi diversi,A.5,Ricavo (CE),A,0,0,
300.025.0008,Sottoconto,Altri ricavi e proventi diversi,A.5,Ricavo (CE),A,0,15000,
200,Mastro,COSTI DELLA PRODUZIONE,B,Costo (CE),,3462100,40000,
200.005,Conto,"Costi materie prime, suss., consumo, merci",B.6,,,1468000,15000,
200.005.0001,Sottoconto,Acquisti materie prime,B.6,Costo (CE),D,1200000,0,
200.005.0002,Sottoconto,Acquisti materie sussidiarie,B.6,Costo (CE),D,80000,0,
200.005.0003,Sottoconto,Acquisti materiali di consumo,B.6,Costo (CE),D,35000,0,
200.005.0004,Sottoconto,Acquisti merci,B.6,Costo (CE),D,120000,0,
200.005.0005,Sottoconto,Acquisti carburanti e lubrificanti,B.6,Costo (CE),D,25000,0,
200.005.0006,Sottoconto,Acquisti cancelleria e stampati,B.6,Costo (CE),D,8000,0,
200.005.0007,Sottoconto,"Acquisti minuteria, materiali consumo IT",B.6,Costo (CE),D,0,0,
200.005.0008,Sottoconto,Resi su acquisti,B.6,Costo (CE),A,0,0,Saldo Avere
200.005.0009,Sottoconto,Sconti e abbuoni commerciali attivi,B.6,Costo (CE),A,0,15000,Saldo Avere
200.010,Conto,Costi per servizi,B.7,,,758000,0,
200.010.0001,Sottoconto,Energia elettrica,B.7,Costo (CE),D,85000,0,
200.010.0002,Sottoconto,Gas e riscaldamento,B.7,Costo (CE),D,35000,0,
200.010.0003,Sottoconto,Acqua,B.7,Costo (CE),D,8000,0,
200.010.0004,Sottoconto,Telefoniche fisse,B.7,Costo (CE),D,6000,0,
200.010.0005,Sottoconto,Telefoniche mobili,B.7,Costo (CE),D,12000,0,
200.010.0006,Sottoconto,Internet e connettivita',B.7,Costo (CE),D,8000,0,
200.010.0007,Sottoconto,Servizi cloud e SaaS,B.7,Costo (CE),D,15000,0,
200.010.0008,Sottoconto,Manutenzioni e riparazioni,B.7,Costo (CE),D,45000,0,Limite 5% costi beni amm.li - art. 102 c.6 TUIR
200.010.0009,Sottoconto,Trasporti su acquisti,B.7,Costo (CE),D,18000,0,
200.010.0010,Sottoconto,Trasporti su vendite,B.7,Costo (CE),D,35000,0,
200.010.0011,Sottoconto,Spese postali e di spedizione,B.7,Costo (CE),D,4000,0,
200.010.0012,Sottoconto,Lavorazioni esterne,B.7,Costo (CE),D,95000,0,
200.010.0013,Sottoconto,Consulenze tecniche,B.7,Costo (CE),D,18000,0,
200.010.0014,Sottoconto,Consulenze amministrative,B.7,Costo (CE),D,12000,0,
200.010.0015,Sottoconto,Consulenze legali,B.7,Costo (CE),D,8000,0,
200.010.0016,Sottoconto,Consulenze fiscali,B.7,Costo (CE),D,22000,0,
200.010.0017,Sottoconto,Consulenze del lavoro,B.7,Costo (CE),D,14000,0,
200.010.0018,Sottoconto,Compensi sindaci/revisore,B.7,Costo (CE),D,12000,0,
200.010.0019,Sottoconto,Compensi amministratori,B.7,Costo (CE),D,80000,0,Deduc. cassa - art. 95 TUIR
200.010.0020,Sottoconto,Pubblicita' e marketing,B.7,Costo (CE),D,45000,0,
200.010.0021,Sottoconto,Provvigioni passive,B.7,Costo (CE),D,35000,0,
200.010.0022,Sottoconto,Spese di rappresentanza,B.7,Costo (CE),D,8000,0,Limiti deduc. art. 108 TUIR
200.010.0023,Sottoconto,Spese viaggio e trasferta,B.7,Costo (CE),D,22000,0,
200.010.0024,Sottoconto,Pasti e alberghi (deduc. 75%),B.7,Costo (CE),D,12000,0,Art. 109 c.5 TUIR
200.010.0025,Sottoconto,Assicurazioni,B.7,Costo (CE),D,28000,0,
200.010.0026,Sottoconto,Spese e commissioni bancarie,B.7,Costo (CE),D,6500,0,Su conti correnti operativi
200.010.0027,Sottoconto,Vigilanza,B.7,Costo (CE),D,9000,0,
200.010.0028,Sottoconto,Pulizie,B.7,Costo (CE),D,14000,0,
200.010.0029,Sottoconto,Smaltimento rifiuti,B.7,Costo (CE),D,4500,0,
200.010.0030,Sottoconto,Mensa e buoni pasto,B.7,Costo (CE),D,18000,0,Deduc. 8 euro/giorno elettronici
200.010.0031,Sottoconto,Formazione del personale,B.7,Costo (CE),D,6000,0,
200.010.0032,Sottoconto,Visite mediche e sicurezza sul lavoro,B.7,Costo (CE),D,4500,0,D.Lgs. 81/2008
200.010.0033,Sottoconto,Servizi paghe e amministrazione,B.7,Costo (CE),D,8000,0,
200.010.0034,Sottoconto,Servizi diversi,B.7,Costo (CE),D,5500,0,
200.015,Conto,Costi godimento beni di terzi,B.8,,,165000,0,
200.015.0001,Sottoconto,Affitti passivi immobili,B.8,Costo (CE),D,60000,0,
200.015.0002,Sottoconto,Canoni di leasing finanziario,B.8,Costo (CE),D,45000,0,
200.015.0003,Sottoconto,Canoni di leasing operativo,B.8,Costo (CE),D,0,0,
200.015.0004,Sottoconto,Noleggi attrezzature,B.8,Costo (CE),D,12000,0,
200.015.0005,Sottoconto,Noleggio autoveicoli,B.8,Costo (CE),D,18000,0,Deduc. 70%/100% in base all'uso
200.015.0006,Sottoconto,Royalties e diritti d'utilizzo,B.8,Costo (CE),D,8000,0,
200.015.0007,Sottoconto,Licenze d'uso software a canone,B.8,Costo (CE),D,22000,0,SaaS pluriennali
200.020,Conto,Costi per il personale,B.9,,,837000,0,
200.020.0001,Sottoconto,Salari e stipendi,B.9.a,Costo (CE),D,580000,0,
200.020.0002,Sottoconto,Oneri sociali INPS,B.9.b,Costo (CE),D,175000,0,
200.020.0003,Sottoconto,Oneri sociali INAIL,B.9.b,Costo (CE),D,12000,0,
200.020.0004,Sottoconto,Trattamento di fine rapporto,B.9.c,Costo (CE),D,42000,0,Quota di competenza
200.020.0005,Sottoconto,Trattamento di quiescenza e simili,B.9.d,Costo (CE),D,0,0,
200.020.0006,Sottoconto,Indennita' di trasferta,B.9.e,Costo (CE),D,8000,0,
200.020.0007,Sottoconto,Premi e incentivi,B.9.e,Costo (CE),D,15000,0,
200.020.0008,Sottoconto,Altri costi del personale,B.9.e,Costo (CE),D,5000,0,
200.025,Conto,Ammortamenti e svalutazioni,B.10,,,185000,0,
200.025.0001,Sottoconto,Amm.to immobilizzazioni immateriali,B.10.a,Costo (CE),D,28000,0,
200.025.0002,Sottoconto,Amm.to immobilizzazioni materiali,B.10.b,Costo (CE),D,145000,0,
200.025.0003,Sottoconto,Altre svalutazioni delle immobilizzaz.,B.10.c,Costo (CE),D,0,0,
200.025.0004,Sottoconto,Svalutazione crediti attivo circolante,B.10.d,Costo (CE),D,12000,0,Acc.to a fondo svalutazione
200.030,Conto,Variazioni rim. materie prime/merci,B.11,,,5000,25000,Sezione bivalente
200.030.0001,Sottoconto,Variazione rim. materie prime,B.11,Costo (CE),D,0,25000,
200.030.0002,Sottoconto,Variazione rim. materie sussidiarie,B.11,Costo (CE),D,0,0,
200.030.0003,Sottoconto,Variazione rim. materiali di consumo,B.11,Costo (CE),D,0,0,
200.030.0004,Sottoconto,Variazione rim. merci,B.11,Costo (CE),D,5000,0,
200.035,Conto,Accantonamenti per rischi,B.12,,,8000,0,
200.035.0001,Sottoconto,Accantonamento rischi su crediti,B.12,Costo (CE),D,8000,0,
200.035.0002,Sottoconto,Accantonamento rischi cause legali,B.12,Costo (CE),D,0,0,
200.035.0003,Sottoconto,Accantonamento garanzia prodotti,B.12,Costo (CE),D,0,0,
200.040,Conto,Altri accantonamenti,B.13,,,0,0,
200.040.0001,Sottoconto,Acc.to manutenzioni programmate,B.13,Costo (CE),D,0,0,
200.040.0002,Sottoconto,Altri accantonamenti,B.13,Costo (CE),D,0,0,
200.045,Conto,Oneri diversi di gestione,B.14,,,36100,0,
200.045.0001,Sottoconto,IMU,B.14,Costo (CE),D,12000,0,Deduc. ai fini IRES dal 2022
200.045.0002,Sottoconto,TARI,B.14,Costo (CE),D,4500,0,
200.045.0003,Sottoconto,Imposta di bollo,B.14,Costo (CE),D,2500,0,
200.045.0004,Sottoconto,Imposta di registro,B.14,Costo (CE),D,1800,0,
200.045.0005,Sottoconto,Diritti CCIAA,B.14,Costo (CE),D,800,0,
200.045.0006,Sottoconto,Tassa concessione governativa,B.14,Costo (CE),D,0,0,
200.045.0007,Sottoconto,Bollo auto,B.14,Costo (CE),D,2200,0,
200.045.0008,Sottoconto,Altre imposte e tasse deducibili,B.14,Costo (CE),D,0,0,
200.045.0009,Sottoconto,Sopravvenienze passive ordinarie,B.14,Costo (CE),D,3500,0,
200.045.0010,Sottoconto,Minusvalenze ordinarie alienazione cespiti,B.14,Costo (CE),D,4000,0,
200.045.0011,Sottoconto,"Abbonamenti, riviste e quote associative",B.14,Costo (CE),D,2500,0,
200.045.0012,Sottoconto,Omaggi a clienti,B.14,Costo (CE),D,1500,0,Deduc. <=50 euro - art. 108 TUIR
200.045.0013,Sottoconto,Erogazioni liberali,B.14,Costo (CE),D,0,0,Limiti art. 100 TUIR
200.045.0014,Sottoconto,Multe e sanzioni,B.14,Costo (CE),D,800,0,INDEDUCIBILI ai fini IRES
200.045.0015,Sottoconto,Costi indeducibili vari,B.14,Costo (CE),D,0,0,
400,Mastro,PROVENTI E ONERI FINANZIARI,C,Ricavo (CE),,0,5800,
400.005,Conto,Proventi da partecipazioni,C.15,,,0,0,
400.005.0001,Sottoconto,Dividendi da imprese controllate,C.15,Ricavo (CE),A,0,0,
400.005.0002,Sottoconto,Dividendi da imprese collegate,C.15,Ricavo (CE),A,0,0,
400.005.0003,Sottoconto,Dividendi da imprese controllanti,C.15,Ricavo (CE),A,0,0,
400.005.0004,Sottoconto,Dividendi da altre imprese,C.15,Ricavo (CE),A,0,0,
400.010,Conto,Altri proventi finanziari,C.16,,,0,5800,
400.010.0001,Sottoconto,Interessi attivi su crediti immobilizz.,C.16.a,Ricavo (CE),A,0,0,
400.010.0002,Sottoconto,Int. attivi titoli iscritti tra immob.,C.16.b,Ricavo (CE),A,0,0,
400.010.0003,Sottoconto,Int. attivi titoli iscritti circolante,C.16.c,Ricavo (CE),A,0,0,
400.010.0004,Sottoconto,Interessi attivi bancari,C.16.d,Ricavo (CE),A,0,1500,
400.010.0005,Sottoconto,Interessi attivi di mora v/clienti,C.16.d,Ricavo (CE),A,0,800,
400.010.0006,Sottoconto,Altri proventi finanziari diversi,C.16.d,Ricavo (CE),A,0,0,
400.010.0007,Sottoconto,Utili su cambi,C.17-bis,Ricavo (CE),A,0,3500,
410,Mastro,INTERESSI E ALTRI ONERI FINANZIARI,C.17,Costo (CE),,56000,0,
410.005,Conto,Interessi e oneri finanziari,C.17,,,56000,0,
410.005.0001,Sottoconto,Interessi passivi v/banche,C.17,Costo (CE),D,12000,0,
410.005.0002,Sottoconto,Interessi passivi su mutui,C.17,Costo (CE),D,35000,0,
410.005.0003,Sottoconto,Interessi passivi v/fornitori,C.17,Costo (CE),D,2000,0,
410.005.0004,Sottoconto,Interessi passivi su finanziamento soci,C.17,Costo (CE),D,0,0,
410.005.0005,Sottoconto,Oneri finanziari su contratti derivati,C.17,Costo (CE),D,0,0,
410.005.0006,Sottoconto,Spese e commissioni bancarie finanziarie,C.17,Costo (CE),D,4500,0,Su finanziamenti
410.005.0007,Sottoconto,Altri interessi e oneri finanziari,C.17,Costo (CE),D,0,0,
410.005.0008,Sottoconto,Perdite su cambi,C.17-bis,Costo (CE),D,2500,0,
420,Mastro,RETTIFICHE DI VALORE ATTIVITA' E PASS. FIN.,D,Ricavo (CE),,0,0,
420.005,Conto,Rivalutazioni,D.18,,,0,0,
420.005.0001,Sottoconto,Rivalutazioni di partecipazioni,D.18.a,Ricavo (CE),A,0,0,
420.005.0002,Sottoconto,Rivalutaz. immob. finanziarie non part.,D.18.b,Ricavo (CE),A,0,0,
420.005.0003,Sottoconto,Rivalutaz. titoli circolante non part.,D.18.c,Ricavo (CE),A,0,0,
420.005.0004,Sottoconto,Rivalutaz. strumenti fin. derivati,D.18.d,Ricavo (CE),A,0,0,
420.010,Conto,Svalutazioni,D.19,,,0,0,
420.010.0001,Sottoconto,Svalutazioni di partecipazioni,D.19.a,Costo (CE),D,0,0,
420.010.0002,Sottoconto,Svalutaz. immob. finanziarie non part.,D.19.b,Costo (CE),D,0,0,
420.010.0003,Sottoconto,Svalutaz. titoli circolante non part.,D.19.c,Costo (CE),D,0,0,
420.010.0004,Sottoconto,Svalutaz. strumenti fin. derivati,D.19.d,Costo (CE),D,0,0,
480,Mastro,IMPOSTE SUL REDDITO DELL'ESERCIZIO,20,Costo (CE),,170500,3500,
480.005,Conto,"Imposte correnti, anticipate e differite",20,,,170500,3500,
480.005.0001,Sottoconto,IRES corrente,20.a,Costo (CE),D,132000,0,Aliquota 24%
480.005.0002,Sottoconto,IRAP corrente,20.a,Costo (CE),D,32000,0,"Aliquota base 3,9% (variabile per regione/settore)"
480.005.0003,Sottoconto,Imposte differite,20.b,Costo (CE),D,5000,0,
480.005.0004,Sottoconto,Imposte anticipate (utilizzo),20.b,Costo (CE),A,0,3500,Saldo Avere
480.005.0005,Sottoconto,Imposte esercizi precedenti,20.c,Costo (CE),D,1500,0,
480.005.0006,Sottoconto,Imposta sostitutiva su rivalutazioni,20.c,Costo (CE),D,0,0,
500,Mastro,RISULTATO DELL'ESERCIZIO,21,Patrimonio Netto,,0,0,
500.005,Conto,Risultato d'esercizio,21,,,0,0,
500.005.0001,Sottoconto,Utile/Perdita d'esercizio (epilogo),21,Patrimonio Netto,A,0,0,Conto di chiusura
